{
  "toggle_mod": true,
  "animation_speed": 200,
  "curve_points": [
    [
      0.36387938,
      0.1875
    ],
    [
      0.7235352,
      0.875
    ]
  ]
}